{
  "//": "Generator state of Anthony's QR Toolkit https://qrcode.antfu.me/",
  "text": "https://www.codido.co",
  "ecc": "M",
  "margin": 5,
  "scale": 28,
  "lightColor": "#ffffff",
  "darkColor": "#000000",
  "pixelStyle": "square",
  "markerStyle": "square",
  "markerShape": "square",
  "markerInnerShape": "square",
  "markerSub": "plus",
  "markers": [],
  "maskPattern": -1,
  "minVersion": 1,
  "maxVersion": 40,
  "boostECC": false,
  "rotate": 0,
  "invert": false,
  "marginNoise": false,
  "marginNoiseRate": 0.2,
  "marginNoiseOpacity": 1,
  "seed": 54077,
  "marginNoiseSpace": "full",
  "renderPointsType": "all",
  "effect": "none",
  "effectTiming": "after",
  "effectCrystalizeRadius": 6.5,
  "effectLiquidifyDistortRadius": 21,
  "effectLiquidifyRadius": 6,
  "effectLiquidifyThreshold": 104,
  "transformPerspectiveX": 0,
  "transformPerspectiveY": 0,
  "transformScale": 1
}